n_estimators,max_features,accuracy,f1_score,precision,recall,roc_auc
100,4,0.9673133357379557,0.9672913291050355,0.9706443011562055,0.9639699719668519,0.9922847907992779
200,4,0.9674837660745557,0.9674650741364438,0.9707444990567939,0.9642231300773678,0.9923414177269502
300,4,0.967228066084254,0.967203022549992,0.9706467386146895,0.963795443491956,0.9924223928735187
400,4,0.9673559251603052,0.9673463153339025,0.9701588859650603,0.9645591652083649,0.992411860748885
500,4,0.9674838023981568,0.9674567579072713,0.9708146992546187,0.9641329138010637,0.9925130412111247
100,8,0.9662905721003504,0.9662711065924559,0.9696238548057032,0.962948505833262,0.9923262033012821
200,8,0.9665036463447017,0.9664902106005074,0.9696344137064624,0.963373340247171,0.992615369973735
300,8,0.9665889704838049,0.9665845477915485,0.9693098161633404,0.9638820909859473,0.9925669841972926
400,8,0.9663332704935034,0.9663242097192446,0.9692183594716808,0.9634584155359083,0.9926075413564632
500,8,0.9668020628899565,0.9667865162844855,0.9698914593351056,0.9637145254684916,0.9925963322853025
100,12,0.9657367098300018,0.9657143745732377,0.9690213692901566,0.9624405389074306,0.9922357505769611
200,12,0.9657792810905507,0.9657684290703802,0.968793679027715,0.9627748497546769,0.9924367271361719
300,12,0.9659497477507518,0.9659421144145399,0.9687926126484154,0.9631192359337076,0.9925847038024234
400,12,0.9660775705032018,0.96606612090572,0.9690412954033846,0.9631184701700934,0.9925328806709353
500,12,0.9660349629190517,0.9660321348730182,0.9688080377064032,0.9632820019617301,0.9925240410587705
100,16,0.9659071583284025,0.9659138253630951,0.9684824577369943,0.9633697848025438,0.9921817225035792
200,16,0.9656940477604501,0.9656839556628238,0.9685401799878924,0.9628531856499656,0.9921816294677713
300,16,0.965566152360798,0.9655711867385162,0.9682198883093827,0.9629479271254027,0.9924739701405787
400,16,0.9653957220241981,0.9654022603077695,0.9677949676275942,0.963030845865038,0.9922380636054096
500,16,0.9656087417831474,0.9656010778474691,0.9684571043953717,0.9627723563905622,0.9924607330600891
100,20,0.9654383477701487,0.965436738353216,0.9683787201772823,0.9625176199992505,0.9920290212628549
200,20,0.9656514220144997,0.9656513786289167,0.9683870176122167,0.9629403648529463,0.9921296066956845
300,20,0.9658645325824518,0.9658552140122219,0.968795758171165,0.9629399054600748,0.9922267287370448
400,20,0.9654383114465475,0.9654454420099938,0.9678820249064994,0.9630318936127173,0.9922718176771672
500,20,0.9657793718995535,0.965771346498214,0.9687086091639827,0.9628589353739517,0.9924517965619225
100,24,0.9654810098397004,0.9654678620383548,0.9686183364824285,0.9623452803998322,0.9917591590431416
200,24,0.9654384204173511,0.9654491726188201,0.9678893897980652,0.9630293377789767,0.9919872298232066
300,24,0.9651400583574977,0.9651459231670214,0.9677948418164786,0.9625207549296793,0.9921006255960331
400,24,0.9652253643348004,0.9652279405192734,0.9678764607246562,0.9626044169057154,0.9922376409414031
500,24,0.9655661705225986,0.9655692593283541,0.9682192385064303,0.9629410930725598,0.9921483393784012
100,28,0.9653957583477991,0.9653889933344765,0.9681235173440825,0.9626830537592955,0.9917401418766824
200,28,0.965012217443247,0.9650231931402546,0.9674666153175577,0.9626024265244795,0.9919307911547056
300,28,0.9652679174335488,0.9652613074385435,0.9681980309586488,0.9623533089937768,0.9920512113663241
400,28,0.9652679174335486,0.9652772611208157,0.9677202114585299,0.962857491979617,0.9920103899457992
500,28,0.965225346173,0.965228291156785,0.9677951305569741,0.9626845723106771,0.9920574570137421
100,32,0.9645860689545451,0.9645812196300743,0.9671938064060583,0.9619954969848286,0.9916207390144365
200,32,0.9652679719189503,0.9652627904368594,0.9681193363876603,0.9624298997073802,0.991839381854559
300,32,0.9644156022943438,0.9644257903350144,0.9666949205358686,0.9621784374815199,0.9919140452618864
400,32,0.9646287310240966,0.9646308543587707,0.9672001764003845,0.9620881788782139,0.9918955829577605
500,32,0.9647139098687955,0.964721037420281,0.9671141943819824,0.9623474200879562,0.9920523972595369
100,36,0.9644581553930923,0.9644529867821576,0.9673475152180989,0.9615845864967033,0.9913968061718409
200,36,0.9647565174529454,0.964758775513066,0.9673681306011771,0.9621728295630267,0.9917563877255979
300,36,0.9645860871163456,0.9645807426697557,0.9673516202131582,0.9618358517632999,0.9916732960164352
400,36,0.9644154933235404,0.9644210162179065,0.9669518990240917,0.9619158409847888,0.9918722803083171
500,36,0.9646285494060909,0.9646316665590197,0.9671150105664406,0.9621718006883953,0.9919559340749707
